{"cameraMode":{"drawMode":0,"name":"Shaded","section":"Shading Mode"},"sceneLighting":true,"audioPlay":false,"sceneViewState":{"m_AlwaysRefresh":false,"showFog":true,"showSkybox":true,"showFlares":true,"showImageEffects":true,"showParticleSystems":true,"showVisualEffectGraphs":true,"m_FxEnabled":true},"in2DMode":false,"pivot":{"x":17.399717330932618,"y":-20.446434020996095,"z":16.657339096069337},"rotation":{"x":0.45516151189804079,"y":-0.5445003509521484,"z":0.4958871603012085,"w":0.5006396770477295},"size":29.06028175354004,"orthographic":false}